,Varones,Mujeres,Total V + M,% Varones,% Mujeres,Ratio
PP03C==0 | PP03C==1,9576565.86470549,6685310.472183911,16261876.336889401,92.84244282036781,87.21134569069031,0.9393478137948978
PP03C==2,738291.838074147,980332.5920734484,1718624.4301475952,7.157557179632181,12.788654309309694,1.786734494514634
Total Col,10314857.702779638,7665643.064257359,17980500.767036997,100.0,100.0,1.0
