REGION,Mujer,Varon,Fraccion_DOMESTICO
Cuyo,0.0007912640196197379,0.0005643306525143519,71.32014580740767
Gran Buenos Aires,0.00013771771538606274,0.00010905650380537327,79.1884351985191
Noreste,0.0008821267170118868,0.0006405798927907833,72.61767277162646
Noroeste,0.0008459344721027015,0.0006190756916610563,73.18246413605152
Pampeana,0.0006900225216527521,0.000523361557555007,75.84702544221943
Patagonia,0.001885620830299994,0.0013112458401978745,69.53921059459557
