REGION,Mujer,Varon,Fraccion_CUIDADO
Cuyo,18.63715836865451,15.470333361048485,83.00800505654205
Gran Buenos Aires,15.664565501743603,14.16936222278251,90.45486911976803
Noreste,21.038978525987556,15.706758581429725,74.65551886004627
Noroeste,19.878469589542775,13.922929069536854,70.04024634200773
Pampeana,17.248442499933123,15.369479675418955,89.10647831233774
Patagonia,17.316321751881404,13.786212513661637,79.61397755943047
