REGION,Mujer,Varon,Fraccion_TNROTROSHOGARES_VOLUNTARIAS
Cuyo,4.594616148234025e-05,3.864241619415439e-05,84.10368776727276
Gran Buenos Aires,9.39324322564776e-06,6.774217346743674e-06,72.11798080823701
Noreste,4.121933667545083e-05,3.380871893191374e-05,82.02150169983045
Noroeste,5.343824917049746e-05,3.7323120610567156e-05,69.84345705542454
Pampeana,4.919192164136542e-05,3.422358036794356e-05,69.5715459490507
Patagonia,0.00010906970750724453,8.484960878560504e-05,77.79392713597333
