REGION,Mujer,Varon,N_m,N_v,N_pob_v,N_pob_m,N_pob_tot,Tiempo TNR,LI,LS,ME,ER
Gran Buenos Aires,272.67949847831466,137.04530564551925,1175,993,5846495,6323252,12169747,50.25874934136936,,,,
Pampeana,254.80394924892244,144.06172514615065,2617,2008,2428487,2687805,5116292,56.53826228784792,,,,
Noroeste,256.4242437775844,103.3652290019234,1397,1104,1032035,1136737,2168772,40.31024035760817,,,,
Noreste,242.8046672591474,116.36647622599848,746,546,536216,598613,1134829,47.92596350785942,,,,
Cuyo,281.04316474523273,133.30190931122874,935,701,779446,853269,1632715,47.4311159398122,,,,
Patagonia,245.97969927110884,133.3939496170978,1185,943,458211,465090,923301,54.22965798087118,,,,
